Source,Target
1 ,0 
2 ,0 
6 ,0 
0 ,0 
19 ,0 
20 ,0 
21 ,0 
23 ,0 
28 ,0 
31 ,0 
32 ,0 
33 ,0 
37 ,0 
39 ,0 
40 ,0 
41 ,0 
44 ,0 
46 ,0 
49 ,0 
50 ,0 
53 ,0 
54 ,0 
70 ,0 
74 ,0 
75 ,0 
79 ,0 
81 ,0 
93 ,0 
99 ,0 
103 ,0 
112 ,0 
114 ,0 
117 ,0 
122 ,0 
128 ,0 
129 ,0 
137 ,0 
141 ,0 
142 ,0 
143 ,0 
144 ,0 
147 ,0 
149 ,0 
151 ,0 
156 ,0 
158 ,0 
160 ,0 
162 ,0 
163 ,0 
181 ,0 
185 ,0 
192 ,0 
202 ,0 
208 ,0 
214 ,0 
217 ,0 
221 ,0 
222 ,0 
223 ,0 
227 ,0 
228 ,0 
231 ,0 
237 ,0 
238 ,0 
239 ,0 
241 ,0 
244 ,0 
247 ,0 
250 ,0 
252 ,0 
258 ,0 
262 ,0 
263 ,0 
270 ,0 
291 ,0 
297 ,0 
300 ,0 
304 ,0 
305 ,0 
306 ,0 
307 ,0 
321 ,0 
325 ,0 
326 ,0 
353 ,0 
355 ,0 
361 ,0 
362 ,0 
363 ,0 
368 ,0 
369 ,0 
370 ,0 
371 ,0 
374 ,0 
378 ,0 
379 ,0 
384 ,0 
387 ,0 
389 ,0 
394 ,0 
400 ,0 
403 ,0 
406 ,0 
408 ,0 
409 ,0 
419 ,0 
426 ,0 
427 ,0 
452 ,0 
458 ,0 
464 ,0 
465 ,0 
468 ,0 
469 ,0 
477 ,0 
74 ,74 
129 ,74 
70 ,74 
36 ,74 
61 ,74 
108 ,74 
495 ,74 
1 ,74 
69 ,74 
496 ,74 
220 ,74 
92 ,74 
270 ,74 
111 ,74 
498 ,74 
410 ,74 
153 ,74 
500 ,74 
93 ,74 
504 ,74 
383 ,74 
505 ,74 
506 ,74 
222 ,74 
20 ,74 
53 ,74 
508 ,74 
510 ,74 
511 ,74 
512 ,74 
514 ,74 
24 ,74 
517 ,74 
436 ,74 
520 ,74 
522 ,74 
94 ,74 
219 ,74 
127 ,74 
531 ,74 
539 ,74 
547 ,74 
548 ,74 
549 ,74 
240 ,74 
281 ,74 
570 ,74 
572 ,74 
574 ,74 
406 ,74 
576 ,74 
588 ,74 
91 ,74 
596 ,74 
597 ,74 
325 ,74 
604 ,74 
294 ,74 
610 ,74 
477 ,74 
611 ,74 
613 ,74 
99 ,74 
426 ,74 
631 ,74 
632 ,74 
637 ,74 
642 ,74 
645 ,74 
238 ,74 
114 ,74 
324 ,74 
389 ,74 
663 ,74 
667 ,74 
671 ,74 
117 ,74 
697 ,74 
731 ,74 
736 ,74 
739 ,74 
747 ,74 
750 ,74 
756 ,74 
768 ,74 
774 ,74 
779 ,74 
788 ,74 
819 ,74 
837 ,74 
838 ,74 
853 ,74 
185 ,74 
866 ,142 
891 ,142 
142 ,142 
907 ,142 
918 ,142 
626 ,142 
1000 ,142 
1013 ,142 
1019 ,142 
664 ,142 
1125 ,142 
1130 ,142 
325 ,142 
1186 ,142 
1254 ,142 
1273 ,142 
1281 ,54 
1283 ,54 
54 ,54 
185 ,54 
1290 ,54 
33 ,54 
1248 ,54 
1294 ,54 
788 ,54 
1299 ,54 
608 ,54 
189 ,54 
1303 ,54 
114 ,54 
1307 ,54 
1309 ,54 
551 ,54 
1332 ,54 
378 ,54 
1349 ,54 
871 ,54 
1352 ,54 
28 ,54 
1364 ,54 
631 ,54 
1366 ,54 
1371 ,54 
1376 ,54 
1377 ,54 
11 ,1 
33 ,1 
1 ,1 
415 ,1 
193 ,1 
281 ,1 
137 ,1 
714 ,1 
1351 ,1 
61 ,1 
70 ,1 
21 ,1 
113 ,1 
7 ,1 
53 ,1 
1384 ,1 
13 ,1 
41 ,1 
1386 ,1 
1388 ,1 
1389 ,1 
99 ,1 
1104 ,1 
844 ,1 
1001 ,1 
751 ,1 
1397 ,1 
1125 ,1 
196 ,1 
1405 ,1 
1406 ,1 
297 ,1 
729 ,1 
114 ,114 
23 ,114 
1427 ,114 
1428 ,114 
1429 ,114 
1388 ,114 
244 ,114 
1431 ,114 
1434 ,114 
324 ,114 
1476 ,114 
206 ,114 
978 ,114 
122 ,114 
192 ,114 
844 ,114 
1481 ,114 
196 ,114 
1483 ,114 
103 ,114 
1492 ,114 
1254 ,114 
72 ,114 
1494 ,114 
439 ,114 
570 ,114 
1495 ,114 
196 ,196 
1013 ,196 
1514 ,196 
1521 ,196 
1522 ,196 
129 ,196 
1533 ,196 
1536 ,196 
1537 ,196 
1538 ,196 
1539 ,196 
238 ,33 
1002 ,33 
1546 ,33 
33 ,33 
788 ,33 
501 ,33 
283 ,33 
591 ,33 
664 ,33 
1564 ,33 
1565 ,33 
880 ,33 
21 ,33 
53 ,33 
1572 ,33 
1573 ,33 
193 ,492 
492 ,492 
1000 ,492 
400 ,492 
63 ,492 
35 ,129 
495 ,129 
70 ,129 
844 ,129 
810 ,129 
129 ,129 
570 ,129 
757 ,129 
182 ,129 
1569 ,129 
477 ,129 
610 ,129 
193 ,129 
1634 ,129 
663 ,129 
1565 ,129 
520 ,129 
774 ,129 
668 ,129 
1575 ,129 
20 ,129 
1416 ,1416 
1706 ,1416 
1708 ,1416 
418 ,1416 
1507 ,1416 
975 ,1416 
1104 ,1104 
1111 ,1104 
1765 ,1104 
844 ,1104 
1772 ,1104 
589 ,1104 
233 ,1379 
1379 ,1379 
13 ,70 
70 ,70 
313 ,70 
479 ,70 
61 ,70 
495 ,70 
1044 ,70 
91 ,70 
514 ,70 
93 ,70 
219 ,70 
1507 ,70 
601 ,70 
679 ,70 
664 ,70 
36 ,70 
410 ,70 
53 ,70 
505 ,70 
774 ,70 
371 ,70 
613 ,70 
1129 ,70 
743 ,1254 
193 ,1254 
1013 ,1254 
444 ,1254 
1888 ,1254 
844 ,1254 
1138 ,1254 
1254 ,1254 
1931 ,1254 
1934 ,1254 
1937 ,1254 
837 ,1254 
1957 ,1254 
1160 ,1254 
1980 ,1254 
1984 ,1254 
880 ,1254 
1992 ,1254 
1507 ,1254 
998 ,1254 
112 ,1254 
664 ,1254 
870 ,1254 
122 ,1254 
389 ,1254 
788 ,1254 
2147 ,1254 
72 ,1254 
2152 ,1254 
2197 ,1254 
747 ,297 
297 ,297 
885 ,297 
844 ,297 
2219 ,297 
1976 ,297 
880 ,297 
2228 ,297 
773 ,297 
1931 ,297 
2254 ,297 
1203 ,297 
1216 ,297 
2264 ,2262 
2262 ,2262 
2271 ,2262 
2272 ,2262 
2279 ,2262 
632 ,2262 
2287 ,2262 
2290 ,2262 
836 ,2262 
2295 ,2262 
1002 ,1002 
283 ,1002 
1302 ,1002 
2328 ,2316 
2316 ,2316 
378 ,2316 
2400 ,2316 
2402 ,2316 
2403 ,2316 
608 ,608 
113 ,608 
112 ,608 
2488 ,608 
238 ,608 
2496 ,608 
2295 ,608 
788 ,608 
2498 ,608 
1569 ,608 
2509 ,608 
844 ,1507 
1035 ,1507 
99 ,1507 
137 ,1507 
2550 ,1507 
1229 ,1229 
122 ,1229 
2571 ,1229 
2572 ,1229 
1284 ,1229 
1299 ,1299 
137 ,113 
113 ,113 
1606 ,113 
51 ,113 
2604 ,113 
2611 ,113 
1711 ,113 
233 ,233 
907 ,233 
1115 ,233 
133 ,233 
872 ,233 
122 ,233 
1207 ,233 
2197 ,233 
757 ,233 
1142 ,233 
401 ,401 
2644 ,401 
2645 ,401 
2646 ,401 
2648 ,401 
2649 ,401 
591 ,591 
998 ,591 
206 ,591 
1931 ,591 
756 ,756 
325 ,756 
418 ,2750 
2771 ,853 
2774 ,853 
510 ,853 
853 ,853 
615 ,853 
2838 ,853 
2847 ,853 
745 ,853 
418 ,418 
757 ,418 
2082 ,418 
1388 ,418 
2336 ,418 
2933 ,418 
918 ,418 
2450 ,418 
2938 ,418 
809 ,418 
1200 ,1573 
2969 ,1000 
2971 ,1000 
1377 ,1000 
1000 ,1000 
788 ,1000 
1275 ,871 
871 ,871 
880 ,1283 
1283 ,1283 
605 ,1283 
844 ,1283 
664 ,1283 
273 ,1283 
3087 ,1283 
762 ,1283 
389 ,1283 
1013 ,1013 
2123 ,1013 
844 ,1013 
415 ,1013 
3190 ,1013 
1931 ,1931 
722 ,1931 
197 ,1931 
99 ,99 
3260 ,99 
514 ,99 
3261 ,99 
1844 ,99 
836 ,99 
1436 ,99 
613 ,99 
837 ,99 
1546 ,99 
96 ,99 
1366 ,99 
7 ,99 
258 ,99 
3272 ,99 
3273 ,99 
1375 ,788 
3321 ,788 
3374 ,788 
1004 ,788 
3073 ,788 
2950 ,788 
2300 ,788 
1015 ,788 
3734 ,788 
3796 ,788 
2771 ,788 
501 ,788 
3801 ,788 
2625 ,788 
3947 ,788 
613 ,788 
4106 ,788 
1364 ,3321 
4170 ,3321 
725 ,3321 
1332 ,3321 
4215 ,3321 
3321 ,3321 
1293 ,3321 
4361 ,3321 
199 ,199 
128 ,199 
3019 ,199 
51 ,199 
624 ,199 
1152 ,199 
4496 ,199 
28 ,199 
2603 ,199 
1169 ,199 
975 ,199 
2313 ,199 
879 ,199 
1308 ,199 
193 ,199 
962 ,199 
212 ,212 
946 ,212 
72 ,212 
742 ,589 
670 ,589 
589 ,589 
605 ,589 
3116 ,589 
757 ,589 
1115 ,589 
4519 ,589 
4503 ,589 
2780 ,849 
849 ,849 
507 ,849 
1943 ,1943 
2402 ,2402 
3741 ,2402 
4568 ,2402 
4569 ,2402 
1251 ,2402 
1372 ,1372 
2333 ,1372 
4736 ,1372 
1302 ,1302 
883 ,1302 
1388 ,1302 
39 ,37 
4795 ,37 
4856 ,37 
4910 ,37 
4938 ,37 
4952 ,37 
4958 ,37 
5031 ,37 
5055 ,37 
3801 ,37 
37 ,37 
5348 ,5348 
234 ,5348 
2197 ,2197 
822 ,2197 
4795 ,2197 
141 ,2336 
2336 ,2336 
1376 ,2336 
5426 ,2336 
378 ,5435 
3284 ,3284 
5442 ,3284 
2148 ,3284 
844 ,3284 
5454 ,3284 
5460 ,2838 
5461 ,2838 
610 ,2838 
5465 ,2838 
5466 ,2838 
669 ,2838 
2271 ,2838 
2838 ,2838 
632 ,2838 
505 ,2838 
5470 ,2838 
5474 ,2838 
2274 ,2838 
498 ,2838 
5477 ,2838 
5509 ,2838 
5513 ,2838 
1934 ,1934 
880 ,880 
1115 ,880 
962 ,880 
1169 ,880 
586 ,880 
1340 ,880 
72 ,880 
569 ,880 
774 ,128 
5616 ,128 
5617 ,128 
128 ,128 
4190 ,5626 
671 ,5626 
5626 ,5626 
5635 ,5626 
836 ,1436 
613 ,1436 
1436 ,1436 
49 ,1436 
891 ,1436 
844 ,1436 
1689 ,378 
378 ,378 
1349 ,378 
439 ,378 
5428 ,378 
5681 ,5681 
133 ,1200 
207 ,844 
193 ,844 
141 ,844 
415 ,844 
1583 ,844 
978 ,844 
2274 ,844 
844 ,844 
1141 ,844 
1142 ,844 
5728 ,844 
883 ,844 
5762 ,844 
5369 ,844 
1160 ,844 
664 ,844 
63 ,844 
1966 ,844 
1403 ,844 
1169 ,844 
324 ,844 
1303 ,844 
1364 ,844 
2491 ,844 
1017 ,844 
446 ,844 
3165 ,844 
1115 ,844 
1206 ,844 
5816 ,844 
1248 ,844 
757 ,844 
324 ,324 
610 ,324 
2780 ,324 
5873 ,324 
281 ,514 
514 ,514 
193 ,1388 
779 ,1388 
1388 ,1388 
450 ,5898 
5898 ,5898 
4795 ,4795 
5982 ,4795 
2740 ,2740 
1303 ,1303 
20 ,1303 
567 ,1303 
613 ,613 
406 ,613 
736 ,613 
6051 ,613 
6052 ,613 
325 ,613 
3 ,613 
836 ,613 
1334 ,613 
2238 ,613 
273 ,613 
6081 ,613 
72 ,613 
1005 ,2550 
6123 ,6110 
1783 ,6110 
5982 ,6110 
53 ,53 
436 ,53 
383 ,53 
93 ,53 
522 ,53 
549 ,53 
240 ,53 
496 ,53 
137 ,53 
570 ,53 
103 ,53 
637 ,53 
505 ,53 
20 ,53 
1108 ,53 
562 ,743 
6245 ,743 
743 ,743 
2562 ,743 
532 ,532 
505 ,532 
6272 ,355 
1004 ,355 
3482 ,355 
6306 ,355 
1386 ,918 
6381 ,918 
918 ,918 
51 ,918 
72 ,918 
1803 ,918 
2265 ,918 
1207 ,918 
656 ,656 
2488 ,656 
6459 ,656 
526 ,325 
528 ,325 
325 ,325 
4503 ,325 
736 ,325 
624 ,325 
997 ,325 
2732 ,325 
6514 ,6514 
3884 ,3884 
4137 ,4137 
1152 ,4137 
6549 ,4137 
1752 ,313 
313 ,313 
61 ,313 
6568 ,6568 
1389 ,1389 
962 ,962 
51 ,234 
6592 ,390 
337 ,390 
610 ,390 
6593 ,390 
390 ,390 
6604 ,390 
6607 ,390 
6618 ,117 
6619 ,117 
93 ,117 
117 ,117 
1654 ,117 
4712 ,159 
837 ,159 
1990 ,159 
6300 ,159 
159 ,159 
4302 ,159 
1287 ,159 
2082 ,501 
501 ,501 
1997 ,501 
28 ,28 
6854 ,28 
1752 ,28 
2748 ,28 
415 ,664 
72 ,664 
577 ,577 
6955 ,577 
1562 ,577 
6052 ,2403 
2403 ,2403 
122 ,2403 
6976 ,2403 
6977 ,2403 
6981 ,2403 
6993 ,2403 
1364 ,2403 
2803 ,837 
7035 ,837 
371 ,837 
6561 ,837 
1783 ,837 
7096 ,837 
2840 ,837 
283 ,883 
5873 ,5873 
392 ,12 
12 ,12 
742 ,742 
868 ,742 
6607 ,6607 
7312 ,6607 
4551 ,6607 
1108 ,1572 
1572 ,1572 
4348 ,1572 
632 ,72 
1366 ,72 
72 ,72 
1386 ,72 
1307 ,193 
207 ,193 
827 ,193 
7344 ,193 
415 ,193 
2272 ,193 
193 ,193 
1561 ,193 
6052 ,193 
632 ,193 
7349 ,193 
195 ,193 
1334 ,193 
715 ,193 
6603 ,193 
7282 ,193 
7353 ,193 
258 ,193 
5426 ,193 
1349 ,193 
1160 ,193 
6958 ,193 
1386 ,193 
560 ,193 
7378 ,193 
1138 ,193 
2950 ,2950 
1561 ,2950 
7387 ,2950 
5732 ,2950 
1562 ,2950 
414 ,2950 
7396 ,2950 
1349 ,2950 
7406 ,2950 
3930 ,3930 
444 ,3930 
133 ,3930 
4503 ,3930 
111 ,1546 
615 ,1546 
2453 ,1546 
335 ,1546 
137 ,1546 
3073 ,1546 
7635 ,1546 
5615 ,5615 
2147 ,2147 
419 ,419 
1144 ,1144 
2575 ,1144 
7735 ,1144 
498 ,498 
185 ,185 
1290 ,185 
2323 ,185 
446 ,446 
7311 ,446 
7859 ,369 
369 ,369 
206 ,954 
773 ,954 
954 ,954 
2284 ,954 
2207 ,954 
1160 ,1160 
133 ,1160 
1561 ,1160 
5617 ,1160 
3272 ,1160 
144 ,144 
2207 ,2207 
757 ,8037 
822 ,822 
8058 ,822 
1349 ,137 
1248 ,137 
137 ,137 
8062 ,137 
779 ,137 
2274 ,137 
1565 ,137 
610 ,5465 
5465 ,5465 
3988 ,5465 
2271 ,5465 
757 ,5465 
5426 ,5465 
505 ,5465 
5470 ,5465 
5477 ,5465 
2274 ,5465 
5510 ,5465 
6959 ,6959 
885 ,885 
505 ,5426 
5426 ,5426 
238 ,5426 
757 ,5426 
8124 ,5426 
112 ,5426 
5617 ,5426 
2562 ,2562 
1129 ,2562 
1405 ,273 
1565 ,273 
1821 ,273 
8146 ,273 
273 ,273 
7311 ,273 
3019 ,273 
1108 ,273 
35 ,505 
505 ,505 
36 ,505 
406 ,505 
219 ,505 
495 ,505 
517 ,505 
383 ,505 
8186 ,505 
903 ,903 
143 ,143 
93 ,143 
238 ,143 
1762 ,1762 
2299 ,1762 
1207 ,1207 
1248 ,1248 
55 ,55 
715 ,715 
836 ,715 
8257 ,715 
6055 ,6055 
8259 ,6055 
6242 ,6055 
5265 ,6055 
2313 ,2313 
122 ,2313 
845 ,2313 
51 ,2313 
8290 ,2313 
6053 ,6053 
1384 ,50 
50 ,50 
133 ,133 
586 ,133 
624 ,133 
2873 ,133 
5874 ,133 
2299 ,2299 
46 ,2299 
1403 ,1403 
103 ,103 
258 ,103 
615 ,103 
8448 ,103 
49 ,103 
8460 ,8460 
586 ,192 
1897 ,192 
192 ,192 
1115 ,192 
757 ,192 
1169 ,192 
3057 ,192 
773 ,773 
5982 ,773 
1888 ,1888 
5466 ,669 
669 ,669 
8519 ,669 
8522 ,669 
8542 ,8541 
1005 ,8541 
8541 ,8541 
1691 ,723 
757 ,723 
723 ,723 
392 ,723 
8546 ,723 
670 ,670 
8565 ,1521 
1522 ,1521 
8673 ,6993 
8718 ,6993 
6993 ,6993 
1386 ,1386 
1565 ,1386 
2351 ,1386 
774 ,384 
384 ,384 
535 ,473 
8767 ,8767 
3441 ,3419 
8778 ,3419 
8779 ,3419 
3419 ,3419 
722 ,722 
2949 ,2949 
1399 ,2833 
2833 ,2833 
624 ,624 
8813 ,624 
1307 ,624 
8819 ,624 
112 ,624 
248 ,624 
7387 ,624 
1366 ,624 
982 ,624 
23 ,23 
6440 ,6440 
8832 ,6440 
5896 ,5896 
8895 ,5896 
8907 ,5896 
932 ,932 
1052 ,932 
262 ,262 
122 ,122 
867 ,122 
283 ,122 
1349 ,122 
2575 ,122 
1035 ,122 
92 ,122 
1998 ,1186 
1129 ,1186 
526 ,1186 
1186 ,1186 
757 ,1186 
4910 ,4910 
9132 ,4910 
8124 ,3073 
24 ,24 
1279 ,1279 
9175 ,1279 
1273 ,1273 
512 ,294 
294 ,294 
663 ,294 
9186 ,294 
1334 ,294 
525 ,294 
4568 ,4568 
9221 ,9220 
9220 ,9220 
9225 ,9220 
132 ,3019 
3019 ,3019 
1115 ,3019 
2116 ,2116 
845 ,2116 
9249 ,2116 
3408 ,9251 
9251 ,9251 
479 ,238 
6384 ,238 
1741 ,238 
406 ,238 
9320 ,238 
7473 ,238 
191 ,238 
1783 ,238 
238 ,238 
9514 ,238 
1664 ,1005 
1005 ,1005 
1512 ,1005 
1171 ,1005 
9604 ,1005 
1364 ,1332 
1332 ,1332 
7545 ,1332 
9688 ,1332 
2710 ,2710 
1044 ,1044 
1334 ,1044 
3190 ,3190 
9714 ,9714 
757 ,757 
528 ,757 
189 ,757 
6603 ,757 
1115 ,757 
692 ,757 
5656 ,757 
1135 ,757 
1930 ,1930 
9884 ,1930 
1330 ,1330 
1349 ,1349 
9915 ,1349 
9916 ,1349 
2628 ,1349 
1275 ,1349 
10131 ,1349 
1561 ,415 
1169 ,415 
207 ,415 
1054 ,415 
978 ,415 
647 ,415 
214 ,214 
2644 ,214 
10385 ,214 
10444 ,10444 
10448 ,10444 
9886 ,10444 
19 ,20 
20 ,20 
436 ,20 
495 ,20 
81 ,20 
3 ,20 
2323 ,2323 
10466 ,10466 
6236 ,2603 
2603 ,2603 
745 ,745 
485 ,485 
9292 ,485 
85 ,92 
92 ,92 
6436 ,8819 
1138 ,8819 
10592 ,8819 
10594 ,8819 
872 ,872 
3741 ,3741 
6750 ,3741 
10495 ,1990 
2399 ,1990 
1990 ,1990 
5944 ,5944 
495 ,495 
477 ,495 
1308 ,1308 
375 ,375 
645 ,496 
8352 ,496 
1334 ,496 
10690 ,496 
4774 ,496 
145 ,496 
502 ,496 
10729 ,496 
6052 ,496 
10737 ,496 
697 ,496 
6603 ,496 
10747 ,496 
496 ,496 
10806 ,496 
7803 ,496 
7301 ,496 
10846 ,496 
1562 ,907 
907 ,907 
112 ,907 
10493 ,10493 
1138 ,1138 
259 ,1138 
2575 ,2575 
2272 ,2272 
11016 ,7735 
10839 ,10839 
6692 ,10839 
11291 ,10839 
281 ,281 
2301 ,281 
2788 ,281 
11312 ,5474 
5470 ,5474 
5474 ,5474 
5504 ,5474 
5471 ,5474 
4259 ,5474 
11314 ,5474 
10481 ,5474 
8522 ,5474 
156 ,156 
11329 ,156 
11330 ,156 
11331 ,156 
11332 ,156 
11333 ,156 
11334 ,156 
11335 ,1689 
1689 ,1689 
1569 ,1689 
11337 ,11337 
1664 ,1664 
4569 ,2283 
11365 ,2283 
2283 ,2283 
11366 ,2283 
11368 ,2283 
8726 ,8726 
1527 ,1527 
6085 ,6085 
774 ,4752 
4752 ,4752 
4660 ,7899 
11388 ,7899 
7896 ,7899 
9197 ,7899 
3335 ,7899 
11395 ,7899 
4184 ,7899 
7899 ,7899 
2474 ,2474 
11428 ,5908 
1115 ,1115 
998 ,1115 
51 ,1115 
1169 ,1115 
1054 ,1115 
7475 ,7475 
11441 ,11441 
3214 ,3214 
2330 ,2330 
11469 ,2330 
6766 ,2330 
1334 ,610 
610 ,610 
189 ,610 
549 ,610 
3988 ,610 
10695 ,610 
10846 ,610 
8821 ,610 
7154 ,610 
11599 ,610 
1384 ,1384 
1936 ,5656 
11638 ,11638 
11652 ,11638 
11662 ,11638 
420 ,420 
3374 ,3374 
6475 ,6475 
406 ,406 
11854 ,406 
11855 ,406 
700 ,406 
5627 ,406 
115 ,115 
2274 ,3 
3 ,3 
340 ,3 
1129 ,1129 
1523 ,1523 
11901 ,1523 
1570 ,11941 
3329 ,3329 
1206 ,3092 
3092 ,3092 
8778 ,2497 
2497 ,2497 
3463 ,2497 
8458 ,2497 
451 ,1583 
1583 ,1583 
12055 ,1583 
12058 ,1583 
1004 ,112 
645 ,112 
12061 ,112 
112 ,112 
12166 ,12166 
2673 ,2673 
998 ,998 
4361 ,4361 
96 ,96 
412 ,412 
2171 ,412 
9320 ,412 
107 ,107 
7606 ,7606 
2969 ,2969 
12273 ,2969 
8907 ,2969 
6752 ,2969 
12292 ,5002 
5002 ,5002 
228 ,228 
2473 ,228 
36 ,228 
11425 ,228 
1364 ,1364 
2501 ,1364 
12443 ,1364 
9031 ,9031 
36 ,108 
108 ,108 
189 ,189 
350 ,350 
12471 ,350 
1307 ,1307 
1743 ,1307 
5461 ,5461 
3988 ,5461 
4259 ,5461 
12477 ,5461 
12479 ,5461 
2847 ,5454 
12487 ,5454 
5270 ,5454 
2689 ,2689 
7848 ,7848 
1280 ,1280 
2083 ,2083 
291 ,291 
3760 ,891 
12539 ,891 
7 ,7 
258 ,7525 
7525 ,7525 
12546 ,7525 
410 ,410 
219 ,219 
5677 ,219 
153 ,219 
1514 ,1514 
10318 ,10318 
12628 ,12618 
12618 ,12618 
12637 ,12629 
12683 ,12629 
6752 ,6752 
4279 ,819 
6199 ,819 
581 ,51 
1631 ,51 
51 ,51 
528 ,528 
12810 ,528 
2351 ,2351 
250 ,13 
12849 ,13 
10021 ,5510 
12853 ,5510 
5504 ,5510 
8086 ,5510 
558 ,5510 
5495 ,5510 
5471 ,5504 
5504 ,5504 
12867 ,3988 
3988 ,3988 
12872 ,3988 
4651 ,3988 
2549 ,1108 
1108 ,1108 
2123 ,2123 
10574 ,2123 
1618 ,2171 
2171 ,2171 
8779 ,12890 
3005 ,8123 
2748 ,2748 
12944 ,12944 
12956 ,12956 
12971 ,1568 
2847 ,3116 
218 ,877 
1980 ,877 
877 ,877 
12987 ,877 
8254 ,8254 
6239 ,8254 
111 ,477 
668 ,477 
91 ,477 
663 ,477 
739 ,477 
477 ,477 
10729 ,1334 
158 ,1334 
15 ,1334 
7737 ,1334 
632 ,1334 
517 ,1334 
2280 ,1334 
10695 ,1334 
13182 ,1334 
11385 ,11385 
673 ,11385 
255 ,255 
6572 ,6572 
6976 ,6976 
6979 ,6976 
12699 ,6976 
13328 ,13328 
13333 ,13333 
809 ,809 
4300 ,4300 
6449 ,750 
615 ,750 
180 ,180 
517 ,180 
12380 ,180 
10729 ,180 
6142 ,2650 
5680 ,5680 
776 ,5680 
8798 ,5680 
3338 ,5680 
5870 ,5680 
13594 ,13594 
8895 ,8895 
178 ,177 
692 ,692 
311 ,311 
13694 ,2501 
4583 ,11469 
6142 ,11469 
4184 ,11469 
11388 ,11469 
11469 ,11469 
1004 ,1004 
455 ,455 
4670 ,4569 
4569 ,4569 
1936 ,1936 
584 ,1936 
197 ,197 
1565 ,197 
235 ,725 
13760 ,725 
1725 ,725 
13761 ,725 
1843 ,1843 
2117 ,2117 
191 ,6061 
1976 ,6061 
6061 ,6061 
1040 ,1615 
1615 ,1615 
11820 ,7340 
5628 ,5628 
9886 ,9886 
13852 ,13846 
1203 ,1203 
928 ,5428 
13885 ,13885 
1570 ,1570 
774 ,774 
2 ,774 
6086 ,774 
392 ,774 
13939 ,13939 
1040 ,1040 
13959 ,371 
371 ,371 
8453 ,8453 
13969 ,13969 
10763 ,245 
245 ,245 
3827 ,3827 
321 ,321 
1206 ,1206 
13987 ,1206 
6111 ,1376 
4138 ,14010 
326 ,14010 
4170 ,14010 
14034 ,8402 
1428 ,8402 
8402 ,8402 
436 ,436 
36 ,436 
93 ,436 
125 ,436 
14073 ,436 
679 ,679 
14028 ,14028 
213 ,10729 
10729 ,10729 
517 ,10729 
14132 ,10729 
982 ,867 
5695 ,570 
1564 ,1366 
14269 ,1366 
1366 ,1366 
14318 ,14318 
673 ,673 
14332 ,13685 
13685 ,13685 
14342 ,3142 
3142 ,3142 
3441 ,3441 
3786 ,3786 
2974 ,2974 
14368 ,2974 
5355 ,5355 
14375 ,14375 
1130 ,1130 
34 ,34 
14465 ,14465 
14468 ,3328 
3328 ,3328 
3055 ,3328 
3450 ,3328 
14571 ,14569 
1121 ,14569 
576 ,452 
452 ,452 
4595 ,452 
1269 ,1269 
2953 ,2953 
10315 ,14603 
8124 ,8124 
3005 ,8124 
9197 ,9197 
4184 ,9197 
14681 ,14655 
14683 ,14683 
7737 ,1565 
1821 ,1565 
14701 ,1565 
7075 ,1565 
11498 ,1565 
14226 ,1565 
1319 ,1565 
2308 ,1565 
387 ,387 
5369 ,392 
392 ,392 
14773 ,392 
444 ,982 
2847 ,982 
6449 ,6449 
270 ,270 
4190 ,4190 
14808 ,4190 
11468 ,4190 
6244 ,6244 
6052 ,6052 
1654 ,1654 
2017 ,2017 
586 ,1169 
14866 ,14866 
801 ,7311 
2239 ,7311 
4587 ,14907 
12046 ,12046 
6980 ,6980 
6592 ,6592 
2803 ,7035 
7035 ,7035 
94 ,522 
497 ,522 
8458 ,560 
15051 ,560 
15053 ,560 
707 ,707 
240 ,240 
506 ,506 
15110 ,506 
9292 ,9292 
15142 ,9292 
63 ,63 
6024 ,6024 
632 ,2274 
5477 ,2274 
2274 ,2274 
15175 ,2274 
258 ,8086 
15176 ,8086 
5471 ,8086 
641 ,8086 
4259 ,8086 
8086 ,8086 
12853 ,8086 
15181 ,15181 
7572 ,6977 
6977 ,6977 
5695 ,5695 
7862 ,5695 
2498 ,5695 
14806 ,2453 
6239 ,6239 
1994 ,6239 
1631 ,1631 
15422 ,15422 
15431 ,15431 
6981 ,6981 
15050 ,15050 
15451 ,15451 
2161 ,15451 
2847 ,1561 
1561 ,1561 
8178 ,12958 
12958 ,12958 
4180 ,4180 
1818 ,4180 
11472 ,368 
368 ,368 
6777 ,6777 
1628 ,1628 
305 ,305 
15547 ,305 
557 ,305 
6214 ,6214 
15568 ,15568 
15575 ,15569 
2423 ,2423 
2500 ,2423 
15630 ,15630 
5678 ,5678 
6261 ,6267 
1377 ,1377 
6479 ,1275 
1275 ,1275 
15647 ,928 
928 ,928 
222 ,383 
383 ,383 
335 ,335 
1629 ,1629 
15843 ,15843 
2506 ,2506 
13579 ,13579 
10058 ,10058 
13983 ,13983 
1998 ,1998 
1181 ,15897 
14204 ,15897 
15897 ,15897 
2333 ,2333 
15927 ,15927 
15931 ,15927 
5761 ,5761 
8689 ,8689 
1293 ,1293 
3275 ,3275 
1251 ,1251 
326 ,326 
11977 ,3702 
3702 ,3702 
6860 ,6860 
16027 ,6860 
8407 ,8407 
16035 ,16035 
6762 ,10 
1265 ,1265 
6754 ,6754 
1860 ,1860 
8275 ,8275 
4525 ,4525 
16105 ,16105 
4952 ,4952 
8319 ,8319 
1660 ,1660 
2938 ,2938 
16202 ,16202 
1495 ,1495 
8246 ,8038 
8038 ,8038 
1125 ,8038 
16241 ,8038 
810 ,810 
16244 ,810 
15140 ,810 
7745 ,7745 
762 ,762 
16302 ,762 
12769 ,762 
615 ,762 
562 ,762 
10093 ,762 
16352 ,5652 
6593 ,5652 
5627 ,5652 
16358 ,5652 
10093 ,5652 
5652 ,5652 
10602 ,5652 
11498 ,5652 
9836 ,5652 
16420 ,16420 
2338 ,2338 
16436 ,637 
16480 ,637 
13092 ,13092 
7856 ,7856 
16503 ,7856 
4702 ,4702 
14204 ,4317 
4317 ,4317 
16517 ,4317 
4192 ,4317 
7075 ,4317 
6842 ,4317 
1980 ,1980 
6398 ,6398 
16556 ,16556 
290 ,290 
16569 ,290 
1181 ,290 
10496 ,290 
16606 ,16606 
16618 ,16618 
2287 ,14226 
14571 ,14571 
2136 ,2136 
16721 ,16721 
16722 ,16721 
605 ,2498 
8057 ,8057 
16873 ,16873 
16888 ,83 
1476 ,1476 
16892 ,16892 
16924 ,162 
162 ,162 
16926 ,162 
2549 ,2549 
839 ,2549 
6895 ,6895 
10640 ,10640 
16957 ,2280 
1152 ,1152 
650 ,650 
16986 ,16986 
14504 ,16986 
16987 ,16986 
1103 ,1103 
1957 ,1957 
1897 ,1897 
1111 ,1897 
805 ,805 
4510 ,4510 
17030 ,17030 
17081 ,17081 
12264 ,12264 
7075 ,7075 
16266 ,16266 
1267 ,2907 
17146 ,17146 
10629 ,12487 
12487 ,12487 
17160 ,17157 
17157 ,17157 
430 ,430 
11824 ,11824 
93 ,93 
5368 ,93 
222 ,93 
15154 ,15154 
2161 ,2161 
1125 ,1001 
17218 ,17218 
6842 ,6842 
1711 ,1711 
4333 ,4333 
7268 ,7268 
2069 ,8449 
8449 ,8449 
258 ,615 
5613 ,1976 
39 ,39 
17283 ,39 
38 ,39 
6760 ,6760 
13894 ,13894 
17333 ,10471 
2496 ,10471 
10471 ,10471 
868 ,1221 
11629 ,11629 
7316 ,7316 
14862 ,17374 
17374 ,17374 
1530 ,9299 
2152 ,9299 
17417 ,17417 
7897 ,6261 
17426 ,2693 
5936 ,2693 
3212 ,3212 
7895 ,6147 
6262 ,6147 
1678 ,1678 
17430 ,17430 
17098 ,17430 
17432 ,17432 
16018 ,16018 
784 ,784 
17435 ,784 
17437 ,17437 
160 ,160 
17455 ,17455 
300 ,300 
17456 ,17456 
11367 ,11367 
17513 ,17513 
11466 ,11466 
875 ,875 
1427 ,1427 
7896 ,11388 
3736 ,3736 
17579 ,17579 
206 ,206 
1171 ,206 
17601 ,17601 
17602 ,17601 
868 ,868 
4709 ,4709 
3858 ,3858 
5696 ,5696 
7607 ,5696 
218 ,220 
220 ,220 
222 ,220 
504 ,220 
17659 ,220 
1287 ,1287 
3801 ,3801 
2148 ,3801 
6759 ,6759 
8430 ,6759 
280 ,280 
736 ,280 
1626 ,1626 
2341 ,2341 
12396 ,12396 
1994 ,1994 
6300 ,1994 
16307 ,404 
13959 ,394 
4641 ,4641 
17715 ,17715 
17723 ,17723 
17734 ,7904 
17741 ,4925 
7722 ,4925 
4529 ,4529 
5402 ,4913 
4913 ,4913 
17748 ,4913 
11977 ,1142 
17775 ,17775 
17794 ,17775 
17815 ,17815 
1181 ,1181 
5402 ,5402 
611 ,9063 
9063 ,9063 
5817 ,5817 
3642 ,4184 
8779 ,8779 
15715 ,15715 
17930 ,15715 
17933 ,15715 
17741 ,15715 
17937 ,15715 
17943 ,17938 
1167 ,1167 
17947 ,218 
5451 ,5451 
2394 ,2394 
583 ,585 
585 ,585 
7862 ,7862 
1818 ,1818 
17964 ,17964 
17980 ,530 
530 ,530 
4244 ,3788 
3788 ,3788 
946 ,946 
2082 ,2082 
14270 ,14270 
2611 ,2611 
7100 ,10740 
18013 ,10740 
16069 ,1110 
8821 ,8821 
7302 ,7302 
2649 ,2649 
8893 ,8893 
7224 ,32 
32 ,32 
18098 ,18098 
4490 ,4490 
632 ,1746 
6599 ,6599 
16056 ,6599 
296 ,296 
4143 ,4143 
14388 ,14388 
18243 ,18243 
1171 ,1171 
4911 ,4911 
132 ,132 
1305 ,1305 
12058 ,1305 
14560 ,14560 
12055 ,15051 
15051 ,15051 
5604 ,5604 
1749 ,1749 
4345 ,4170 
4170 ,4170 
18312 ,18312 
1431 ,1431 
5632 ,1431 
581 ,581 
244 ,244 
1544 ,1544 
18348 ,18348 
7896 ,7896 
6142 ,6142 
8704 ,8778 
8778 ,8778 
18440 ,18440 
18441 ,18440 
18446 ,18446 
2290 ,2290 
480 ,480 
18476 ,18476 
2647 ,2647 
1562 ,8816 
8816 ,8816 
16899 ,16899 
13970 ,13970 
14940 ,14940 
3913 ,18531 
17318 ,18531 
7839 ,18531 
4063 ,4063 
6014 ,6014 
18557 ,18557 
18565 ,18565 
18575 ,18575 
18604 ,18604 
5369 ,5369 
379 ,379 
8070 ,8070 
18714 ,3034 
520 ,520 
18717 ,18717 
2803 ,2803 
4732 ,4732 
7062 ,7062 
18792 ,3556 
13162 ,571 
571 ,571 
18800 ,18800 
965 ,965 
130 ,259 
18839 ,8076 
7406 ,7406 
7737 ,5471 
4259 ,5471 
5471 ,5471 
5509 ,5509 
780 ,780 
9688 ,780 
18878 ,18878 
6593 ,6593 
18911 ,6593 
467 ,6593 
18539 ,6593 
1405 ,1405 
18916 ,1035 
6104 ,6104 
1530 ,3450 
3450 ,3450 
18993 ,5351 
5 ,5351 
13723 ,13723 
19042 ,19023 
19023 ,19023 
19074 ,19071 
19084 ,19084 
14500 ,14500 
1097 ,1097 
4443 ,1097 
4552 ,3699 
3699 ,3699 
17659 ,17659 
17307 ,17659 
1830 ,1830 
19202 ,19202 
19203 ,19202 
19204 ,19204 
17741 ,17741 
1997 ,1997 
19234 ,1997 
12211 ,12211 
19270 ,19248 
19274 ,19274 
19280 ,19280 
241 ,241 
1765 ,1765 
19288 ,257 
127 ,127 
12769 ,12769 
13222 ,13222 
11427 ,13222 
2473 ,2473 
736 ,332 
4217 ,4217 
19303 ,19303 
46 ,46 
19311 ,19311 
9235 ,9235 
19316 ,19316 
9311 ,9311 
13602 ,9311 
4591 ,4591 
12989 ,12989 
7753 ,7753 
858 ,858 
11395 ,11395 
2348 ,11395 
11 ,11 
426 ,426 
11854 ,11854 
204 ,204 
6837 ,204 
19407 ,19407 
549 ,549 
19464 ,19464 
1300 ,19464 
19477 ,19465 
81 ,81 
19482 ,19482 
19513 ,3261 
49 ,49 
467 ,49 
19522 ,8873 
8873 ,8873 
19533 ,7231 
839 ,839 
19539 ,1562 
19544 ,1562 
19547 ,1562 
605 ,1562 
3624 ,1562 
19563 ,1562 
7387 ,7387 
258 ,700 
19586 ,19586 
11491 ,11491 
2176 ,2176 
19640 ,19640 
19653 ,19653 
3002 ,3002 
2558 ,2558 
19697 ,19697 
19699 ,19699 
19701 ,14504 
14504 ,14504 
3760 ,3760 
1125 ,1125 
1725 ,1725 
3715 ,1725 
4345 ,4345 
2239 ,2239 
747 ,3057 
3057 ,3057 
2732 ,2732 
14769 ,14769 
8597 ,8597 
19835 ,19834 
19849 ,19849 
18895 ,18895 
19881 ,19881 
16679 ,1869 
1869 ,1869 
4580 ,4580 
836 ,247 
1530 ,2152 
18511 ,18511 
2371 ,2971 
611 ,611 
19969 ,13959 
19978 ,19978 
5441 ,5441 
19988 ,19988 
20102 ,20102 
16259 ,16259 
8210 ,8210 
10379 ,8210 
17318 ,17318 
20150 ,17318 
20151 ,17694 
20166 ,17694 
20194 ,20194 
667 ,667 
1966 ,1966 
12919 ,12919 
519 ,519 
1691 ,1691 
235 ,235 
20212 ,11495 
11495 ,11495 
601 ,601 
41 ,41 
20214 ,75 
75 ,75 
2780 ,75 
15 ,15 
663 ,663 
641 ,641 
10737 ,641 
13743 ,13743 
20308 ,20308 
286 ,20311 
38 ,38 
18916 ,18916 
16352 ,5627 
5627 ,5627 
15427 ,5627 
943 ,6762 
6762 ,6762 
16442 ,2301 
11372 ,11372 
170 ,11372 
7722 ,7722 
20406 ,20406 
18487 ,18487 
1842 ,1842 
17733 ,17734 
17734 ,17734 
20434 ,20434 
7416 ,7416 
20461 ,20461 
20462 ,20462 
20466 ,20462 
13229 ,13229 
20507 ,5619 
6723 ,6723 
20518 ,6723 
17733 ,17733 
20574 ,17733 
20575 ,17733 
4059 ,4059 
5892 ,4059 
2704 ,2704 
17481 ,17481 
5856 ,5856 
4443 ,5856 
20631 ,20631 
12500 ,12500 
9170 ,9170 
20646 ,20646 
4079 ,4079 
2449 ,2449 
1663 ,20651 
20654 ,20654 
403 ,403 
6450 ,6450 
20681 ,20681 
453 ,453 
7224 ,7224 
20690 ,20690 
3499 ,20694 
5686 ,5686 
7798 ,7798 
20743 ,15053 
4503 ,4503 
5483 ,16446 
16446 ,16446 
172 ,172 
2 ,2 
20754 ,2 
12058 ,12058 
14313 ,14313 
779 ,130 
20759 ,20757 
20757 ,20757 
6397 ,6397 
31 ,31 
2554 ,2554 
2500 ,9225 
9225 ,9225 
8932 ,8932 
450 ,661 
20780 ,661 
661 ,661 
11344 ,11344 
2448 ,2448 
688 ,2448 
4029 ,4029 
500 ,500 
258 ,100 
16247 ,13068 
7859 ,5565 
16352 ,16352 
504 ,504 
1325 ,1325 
2565 ,2565 
13631 ,13631 
2000 ,2000 
8083 ,1703 
20886 ,1703 
3499 ,5892 
16114 ,16114 
14902 ,14902 
5393 ,5393 
1783 ,1783 
1530 ,1783 
20933 ,20933 
4515 ,4515 
13974 ,4515 
2246 ,21012 
6479 ,6479 
14138 ,14138 
2976 ,2976 
6405 ,6405 
11861 ,6405 
3138 ,3138 
21136 ,21136 
21144 ,21144 
2413 ,2413 
838 ,838 
587 ,838 
6633 ,838 
429 ,429 
8820 ,8820 
21172 ,21172 
4443 ,4443 
6285 ,6285 
2780 ,736 
21179 ,21179 
2507 ,2507 
21196 ,21196 
11438 ,11438 
4216 ,4216 
16990 ,16990 
21243 ,21243 
10496 ,10496 
8119 ,8119 
17887 ,17887 
2484 ,2484 
21273 ,21273 
21283 ,21283 
21285 ,21285 
21310 ,21310 
6157 ,6157 
8798 ,19721 
16064 ,16064 
21325 ,21325 
6327 ,6327 
1881 ,1881 
2873 ,2873 
4551 ,4551 
8246 ,8246 
16685 ,6562 
4782 ,4782 
386 ,386 
21449 ,21447 
21451 ,21451 
16679 ,16679 
2800 ,21473 
1033 ,2148 
6273 ,12665 
11979 ,11979 
21481 ,21481 
3003 ,21481 
21493 ,21493 
13007 ,13007 
11365 ,11365 
21500 ,21500 
21509 ,21509 
21524 ,21524 
7755 ,7755 
2780 ,2780 
16696 ,16696 
8798 ,562 
562 ,562 
21549 ,562 
21550 ,21550 
153 ,153 
36 ,56 
56 ,56 
36 ,36 
61 ,61 
2287 ,293 
5368 ,5368 
11976 ,11976 
8202 ,8202 
21558 ,21558 
21563 ,21563 
21569 ,21569 
94 ,94 
14073 ,94 
2787 ,2787 
1724 ,1724 
5870 ,5870 
21580 ,21580 
4259 ,4259 
1122 ,1122 
642 ,642 
776 ,8798 
3338 ,8798 
66 ,66 
16888 ,16888 
21656 ,16888 
597 ,597 
3260 ,3260 
11472 ,11472 
13030 ,13030 
1712 ,1712 
9798 ,9798 
18012 ,2271 
2271 ,2271 
20241 ,20241 
18351 ,18351 
739 ,739 
5495 ,5495 
2889 ,2889 
15626 ,15626 
16056 ,16056 
7167 ,7167 
18313 ,18313 
6749 ,6749 
6282 ,6282 
21910 ,1015 
11861 ,11861 
14444 ,14444 
7393 ,7393 
4715 ,4715 
22017 ,14481 
6864 ,6864 
17117 ,17117 
22030 ,17117 
22032 ,22032 
5632 ,5632 
5055 ,5055 
22063 ,22063 
22068 ,22068 
11931 ,11931 
22086 ,22086 
7085 ,22089 
409 ,6199 
22108 ,22108 
11427 ,11427 
22111 ,22111 
16764 ,16764 
22124 ,22124 
20931 ,20931 
22133 ,22132 
22132 ,22132 
3734 ,3734 
22135 ,22135 
22139 ,22139 
22141 ,22141 
8406 ,8406 
845 ,845 
22158 ,22158 
22167 ,22167 
11481 ,11481 
22176 ,3194 
12039 ,12039 
22207 ,22207 
22233 ,22233 
22240 ,22240 
222 ,222 
11549 ,11498 
17342 ,17342 
22288 ,22288 
2038 ,2038 
603 ,603 
22324 ,22324 
4245 ,4245 
4706 ,4706 
14073 ,14073 
2598 ,14073 
7317 ,7317 
668 ,668 
1291 ,1291 
502 ,525 
525 ,525 
14113 ,14113 
19 ,19 
9157 ,9157 
592 ,592 
511 ,510 
510 ,510 
776 ,776 
779 ,6006 
8585 ,8585 
231 ,231 
2128 ,2128 
22455 ,22455 
1794 ,1794 
3385 ,1794 
20355 ,20355 
3385 ,3385 
22461 ,22461 
11238 ,11238 
22466 ,11238 
22506 ,22506 
7748 ,7748 
19562 ,676 
676 ,676 
6213 ,6213 
4669 ,6213 
467 ,467 
18911 ,467 
22565 ,22565 
12334 ,12334 
18479 ,18479 
15417 ,18479 
286 ,286 
22577 ,22577 
1741 ,1741 
6577 ,6577 
3030 ,1968 
22598 ,22598 
20518 ,22600 
22600 ,22600 
21960 ,21960 
22609 ,22604 
1569 ,6436 
22619 ,22619 
5413 ,5413 
22694 ,22694 
22702 ,22702 
22705 ,22705 
22729 ,22729 
22754 ,22754 
13219 ,13219 
12205 ,12205 
14939 ,14939 
22786 ,22786 
4393 ,4393 
7545 ,7545 
22803 ,22803 
569 ,569 
22832 ,569 
22833 ,569 
22836 ,569 
2030 ,2030 
22840 ,22840 
22841 ,22841 
1243 ,6417 
6417 ,6417 
16722 ,16722 
22925 ,22925 
22928 ,22928 
22929 ,22929 
17831 ,17831 
22937 ,22937 
1191 ,1191 
22951 ,22951 
22956 ,1429 
22961 ,22961 
18441 ,18441 
2249 ,2500 
2491 ,2491 
4301 ,23032 
632 ,14023 
14023 ,14023 
23046 ,23046 
8433 ,8433 
6750 ,6750 
10093 ,10093 
23080 ,23080 
2372 ,2372 
23097 ,23097 
2118 ,951 
8732 ,8732 
23125 ,23125 
23128 ,23128 
4214 ,4214 
6273 ,6273 
11256 ,11256 
6045 ,6045 
23142 ,23142 
15497 ,15497 
23149 ,23149 
23192 ,23192 
23219 ,23206 
23206 ,23206 
23233 ,23233 
4215 ,4215 
18000 ,18000 
13281 ,13281 
23258 ,23258 
23262 ,23262 
5590 ,23262 
8853 ,8853 
10378 ,10378 
15294 ,15294 
15353 ,15353 
23339 ,23339 
8264 ,8264 
18858 ,18858 
23378 ,23378 
2743 ,2743 
808 ,808 
23393 ,23393 
23422 ,23422 
12379 ,12379 
4726 ,4726 
23444 ,23444 
2088 ,2088 
23450 ,23450 
23460 ,23450 
23462 ,23462 
23466 ,23466 
23489 ,23489 
22261 ,5801 
23525 ,5801 
23526 ,5801 
23528 ,5801 
23529 ,5801 
4900 ,5801 
23534 ,5801 
8214 ,5801 
1277 ,23586 
3824 ,3824 
508 ,508 
7038 ,508 
17194 ,17194 
499 ,499 
8263 ,8263 
12130 ,12130 
531 ,531 
84 ,84 
170 ,170 
258 ,170 
23618 ,23618 
12336 ,12336 
15417 ,15417 
8257 ,8257 
645 ,706 
11630 ,11630 
16058 ,16058 
17314 ,17314 
11862 ,11862 
17712 ,17712 
23714 ,23714 
14463 ,14463 
4700 ,4700 
16434 ,16434 
8186 ,8186 
6454 ,6454 
23726 ,23726 
1671 ,1671 
13191 ,13191 
5340 ,5340 
7256 ,7256 
16517 ,16517 
23764 ,23764 
23768 ,23768 
23777 ,23777 
23791 ,23791 
11333 ,11333 
4583 ,4583 
14204 ,14204 
17560 ,2843 
10747 ,10747 
12245 ,12245 
9836 ,12245 
4774 ,4774 
1885 ,1885 
23922 ,23907 
1243 ,1243 
23949 ,23949 
23952 ,23952 
23961 ,23961 
23983 ,23983 
7700 ,7700 
16416 ,7700 
6407 ,6407 
3018 ,3018 
12176 ,12176 
14531 ,14531 
15938 ,15938 
10505 ,10505 
18561 ,18561 
24183 ,24183 
24191 ,14862 
20607 ,20607 
20370 ,20370 
9219 ,9219 
24212 ,24212 
4627 ,4627 
24220 ,24220 
631 ,24220 
12246 ,24220 
2662 ,2662 
2260 ,2260 
12200 ,10629 
10629 ,10629 
7665 ,7665 
721 ,721 
24266 ,18911 
1659 ,1659 
13779 ,13779 
24286 ,24284 
24290 ,1569 
22716 ,1569 
24320 ,1569 
3199 ,3199 
14285 ,14285 
24334 ,16528 
24338 ,16528 
16528 ,16528 
24339 ,23219 
23219 ,23219 
14030 ,14030 
14117 ,14117 
24368 ,24368 
7318 ,7318 
18548 ,18548 
24382 ,24382 
6555 ,6555 
8952 ,8952 
10593 ,10593 
3796 ,10593 
6260 ,6260 
15425 ,15425 
869 ,869 
6549 ,6549 
16503 ,16503 
5858 ,5858 
24487 ,24483 
10207 ,10207 
24500 ,24500 
23526 ,24520 
24531 ,24531 
24535 ,24535 
9468 ,9468 
20337 ,24541 
1670 ,1670 
6409 ,6409 
4108 ,4108 
69 ,69 
125 ,125 
24572 ,24572 
17658 ,17658 
920 ,920 
2065 ,258 
3408 ,3408 
15496 ,15496 
24611 ,24611 
24616 ,24615 
778 ,778 
7859 ,7859 
23852 ,23852 
302 ,302 
24652 ,23742 
511 ,511 
2317 ,2317 
24705 ,24705 
16529 ,747 
558 ,747 
13161 ,13161 
4669 ,4669 
24736 ,6618 
6618 ,6618 
1338 ,1338 
24763 ,24763 
16436 ,1844 
151 ,151 
8 ,8 
16478 ,16478 
10737 ,10737 
7301 ,10737 
24818 ,24817 
21491 ,21491 
5483 ,5483 
314 ,314 
20754 ,314 
632 ,632 
551 ,551 
12273 ,12273 
6800 ,6800 
207 ,6603 
779 ,6603 
22133 ,22133 
24901 ,24901 
24902 ,24901 
24907 ,7349 
21621 ,7349 
24912 ,24912 
10696 ,10696 
4353 ,4353 
1533 ,1533 
4740 ,4740 
24927 ,24927 
4159 ,4159 
24928 ,24332 
24929 ,24332 
3798 ,3798 
24946 ,24946 
24975 ,24975 
24977 ,24975 
25043 ,25043 
7459 ,2461 
7055 ,7055 
25070 ,25070 
25080 ,25080 
14331 ,14332 
14332 ,14332 
3389 ,3389 
23919 ,23919 
7577 ,7577 
12971 ,1663 
25167 ,25167 
22740 ,22740 
25170 ,25170 
25193 ,16037 
16037 ,16037 
8848 ,1033 
25203 ,25203 
19570 ,2927 
2927 ,2927 
25217 ,25217 
6633 ,6633 
25238 ,25238 
24400 ,24400 
25280 ,25280 
14321 ,14321 
13010 ,13010 
1337 ,1337 
4574 ,4574 
25309 ,25309 
15851 ,15851 
2711 ,2711 
25346 ,25346 
25353 ,25353 
25389 ,25389 
3633 ,3642 
2977 ,2977 
25428 ,25428 
5411 ,19817 
25453 ,6926 
21140 ,21140 
17228 ,17228 
25508 ,25508 
25520 ,25520 
25521 ,25521 
14355 ,14355 
25537 ,25537 
25547 ,25547 
24407 ,24407 
10598 ,10598 
18104 ,18104 
25565 ,25565 
649 ,649 
25574 ,25574 
25575 ,25575 
25589 ,25589 
25594 ,25594 
10774 ,10774 
1309 ,1309 
2645 ,2645 
25641 ,25641 
25644 ,25644 
23805 ,23805 
25653 ,25653 
14775 ,14775 
25676 ,25676 
25682 ,25682 
25686 ,25686 
25713 ,25713 
4301 ,4301 
2639 ,2639 
25738 ,25738 
25739 ,25739 
9279 ,9279 
2399 ,2399 
19708 ,19708 
17793 ,17793 
25767 ,25767 
21343 ,21343 
1522 ,1522 
25796 ,25796 
25797 ,25797 
949 ,949 
25816 ,25816 
25819 ,25819 
25820 ,25820 
25832 ,25832 
25877 ,25877 
25880 ,25880 
8817 ,8817 
25887 ,25887 
25891 ,25891 
25892 ,25892 
24107 ,24107 
25897 ,24107 
25898 ,25898 
7186 ,7186 
5411 ,5411 
4365 ,4365 
25934 ,25934 
25937 ,25937 
19229 ,19229 
1381 ,1381 
14580 ,14580 
11967 ,11967 
25969 ,25969 
3806 ,3806 
25970 ,25970 
25980 ,25980 
23892 ,5590 
4587 ,73 
73 ,73 
4371 ,4371 
21244 ,21244 
26010 ,26010 
9175 ,9175 
26031 ,26031 
6837 ,6837 
17160 ,17160 
26064 ,26064 
7287 ,7287 
2800 ,2800 
24908 ,24908 
17845 ,17845 
15068 ,15068 
12246 ,12246 
8112 ,8112 
26171 ,26171 
20061 ,20061 
26178 ,26178 
19074 ,14286 
11273 ,11273 
3087 ,3087 
11335 ,11335 
13936 ,13936 
26201 ,26200 
26200 ,26200 
26209 ,26209 
590 ,590 
26218 ,26216 
26216 ,26216 
26250 ,26250 
26257 ,26257 
1052 ,1052 
26260 ,26260 
17649 ,17649 
22769 ,22769 
26285 ,26285 
17261 ,17261 
26289 ,26289 
7840 ,7840 
9154 ,9154 
26300 ,26300 
19563 ,3624 
3624 ,3624 
26309 ,26309 
23185 ,23185 
22283 ,22283 
26326 ,26326 
14069 ,14069 
26328 ,26328 
21472 ,21472 
26346 ,26346 
26350 ,26350 
17435 ,17435 
26363 ,26363 
26367 ,26367 
12798 ,26367 
26378 ,26378 
12470 ,12470 
26384 ,26384 
469 ,469 
26417 ,26417 
9997 ,9997 
26423 ,26423 
11366 ,11366 
26441 ,26441 
9597 ,9597 
19831 ,19831 
26463 ,19831 
26474 ,26474 
6848 ,6848 
26496 ,26496 
15575 ,15575 
22256 ,22256 
17936 ,17936 
26548 ,26548 
8208 ,8208 
698 ,698 
7163 ,7163 
1399 ,1399 
688 ,688 
26562 ,26562 
16314 ,16314 
4680 ,4680 
91 ,91 
19565 ,19565 
26572 ,26572 
18905 ,18905 
20339 ,20339 
19421 ,19421 
16244 ,16244 
3609 ,3609 
14512 ,14512 
665 ,665 
11348 ,11348 
8615 ,1258 
1258 ,1258 
9447 ,1258 
4697 ,4697 
26706 ,2287 
15869 ,15869 
26770 ,26770 
19543 ,19543 
21340 ,21340 
26811 ,26811 
26820 ,26820 
8188 ,8188 
18801 ,18801 
15836 ,15836 
781 ,781 
13069 ,13069 
12543 ,12543 
13109 ,13109 
11330 ,11330 
26848 ,26848 
5466 ,5466 
26879 ,26879 
11291 ,11291 
98 ,98 
631 ,631 
640 ,640 
26948 ,26948 
22447 ,5490 
26960 ,26960 
223 ,223 
224 ,224 
15919 ,15919 
237 ,237 
27011 ,6939 
6939 ,6939 
25888 ,25888 
5477 ,5477 
27039 ,27039 
20850 ,20850 
27041 ,27041 
27044 ,27044 
252 ,252 
1482 ,1482 
27083 ,27083 
27104 ,10846 
27122 ,27122 
10755 ,10755 
21595 ,21595 
4552 ,4552 
10478 ,4552 
1378 ,1378 
9396 ,9396 
10574 ,10574 
11741 ,11741 
27247 ,27247 
896 ,896 
17087 ,17087 
187 ,9328 
9328 ,9328 
6955 ,6955 
27266 ,27266 
3151 ,3151 
4175 ,4175 
22017 ,27285 
27292 ,27292 
21184 ,21184 
4587 ,4587 
27323 ,27323 
27330 ,27330 
16416 ,16416 
27351 ,27346 
27346 ,27346 
27400 ,27400 
27405 ,27405 
27437 ,27437 
5923 ,5923 
27496 ,27496 
25089 ,25089 
27532 ,27532 
8049 ,1620 
4637 ,19168 
27557 ,27556 
27559 ,27559 
10123 ,10123 
27583 ,27583 
27587 ,27587 
27595 ,11942 
27599 ,27599 
13824 ,13824 
16574 ,16574 
27648 ,27648 
27650 ,27650 
10809 ,10809 
21053 ,21053 
27670 ,27670 
27674 ,27673 
4837 ,4837 
12516 ,12516 
7346 ,12516 
3952 ,16890 
16890 ,16890 
27708 ,27708 
27713 ,27713 
17098 ,17098 
4634 ,4634 
21105 ,21105 
12012 ,21105 
14343 ,14343 
27816 ,27816 
27819 ,27819 
27833 ,27833 
27837 ,27837 
27840 ,27840 
27841 ,27841 
19363 ,19363 
10538 ,10538 
10585 ,10585 
19223 ,19223 
4352 ,303 
18573 ,18573 
27913 ,27911 
27911 ,27911 
13046 ,13046 
3003 ,3003 
27999 ,27999 
3796 ,3796 
28032 ,28032 
28039 ,28039 
28055 ,28055 
4747 ,4747 
4302 ,4302 
28098 ,28096 
9831 ,9831 
28162 ,28162 
24978 ,24978 
28170 ,28170 
28183 ,28183 
28184 ,28184 
28189 ,28189 
17225 ,28193 
28193 ,28193 
7036 ,7036 
8267 ,8267 
13342 ,13342 
28280 ,28280 
26505 ,26505 
28332 ,28332 
28338 ,28338 
23526 ,23526 
23531 ,23531 
28363 ,10402 
28409 ,28409 
17937 ,17937 
28412 ,28412 
28413 ,28413 
14213 ,14213 
28438 ,28438 
563 ,563 
17872 ,17872 
712 ,712 
1854 ,1854 
17834 ,17834 
6236 ,6236 
28480 ,28480 
479 ,479 
208 ,208 
28484 ,28484 
449 ,449 
28523 ,28523 
28531 ,28531 
3648 ,28557 
12872 ,12872 
28574 ,28574 
10186 ,10186 
28581 ,11512 
10695 ,10695 
16529 ,16529 
17151 ,17152 
999 ,999 
13182 ,13182 
28604 ,28604 
28610 ,28610 
1297 ,1297 
28619 ,28619 
28630 ,28630 
5886 ,5886 
28637 ,28637 
28656 ,28655 
28657 ,28657 
28664 ,28664 
604 ,604 
15142 ,15142 
12407 ,12407 
13289 ,13289 
7301 ,7301 
28724 ,28724 
18012 ,18012 
28725 ,28725 
2496 ,28742 
2349 ,2349 
557 ,557 
28764 ,28764 
5460 ,5460 
16828 ,16828 
215 ,215 
2479 ,2479 
1101 ,1101 
227 ,227 
28817 ,28817 
8813 ,28823 
28823 ,28823 
28828 ,28828 
28831 ,28831 
8714 ,8714 
28845 ,28845 
28864 ,28864 
5506 ,5506 
26561 ,26561 
20214 ,20214 
28880 ,12479 
11856 ,11856 
4 ,671 
835 ,835 
6753 ,6753 
11428 ,11428 
26334 ,26334 
28947 ,28947 
26563 ,28947 
28952 ,28952 
11506 ,11506 
6608 ,6608 
27173 ,27173 
28993 ,28993 
5424 ,5424 
4352 ,4352 
25072 ,29040 
29040 ,29040 
29042 ,29042 
29060 ,29060 
29078 ,29078 
29080 ,29080 
6320 ,6320 
4167 ,6320 
11839 ,11839 
29091 ,29091 
29095 ,29095 
29097 ,29097 
29101 ,29101 
12247 ,12247 
29129 ,29129 
29130 ,29130 
29138 ,29138 
29146 ,29146 
29156 ,29156 
29182 ,29182 
29197 ,29197 
20575 ,20575 
29205 ,29205 
29235 ,29235 
29238 ,29237 
29252 ,29252 
29254 ,29252 
20193 ,18050 
28617 ,28617 
15547 ,15547 
29285 ,15547 
3143 ,4929 
4929 ,4929 
29301 ,29301 
8504 ,8504 
6781 ,6781 
29346 ,29346 
6175 ,6175 
29389 ,29389 
29391 ,4958 
29392 ,29392 
29397 ,29397 
1100 ,1100 
27351 ,27351 
29458 ,29458 
29534 ,29534 
29536 ,29536 
29543 ,29543 
3952 ,3952 
29583 ,29583 
29604 ,29604 
29605 ,29605 
3649 ,3649 
29608 ,3649 
29653 ,29653 
12466 ,12466 
24415 ,24415 
26092 ,26092 
16638 ,16638 
29715 ,29715 
9734 ,9734 
29719 ,9734 
29730 ,29727 
29733 ,29733 
29736 ,29736 
11751 ,29037 
29037 ,29037 
2344 ,2344 
11650 ,11650 
29773 ,29773 
4279 ,4279 
21585 ,21585 
29739 ,21585 
29786 ,29786 
29814 ,29814 
17790 ,17790 
29816 ,17790 
29817 ,17790 
19562 ,19562 
13869 ,13869 
13286 ,13286 
18307 ,18307 
29839 ,29839 
29842 ,29842 
29856 ,29856 
29866 ,29866 
29869 ,29869 
1322 ,7154 
29895 ,29895 
1187 ,1187 
29912 ,29912 
1772 ,1772 
29927 ,29927 
29931 ,4504 
29941 ,29941 
451 ,451 
855 ,855 
13940 ,13940 
29973 ,29973 
27125 ,27125 
29998 ,29998 
30021 ,30021 
30033 ,30033 
2340 ,2340 
19181 ,19181 
5616 ,5616 
2339 ,2339 
14327 ,14327 
23628 ,23628 
15839 ,15839 
30117 ,30117 
3537 ,3537 
18447 ,18447 
30161 ,30161 
22041 ,22041 
30172 ,30172 
12774 ,12774 
30201 ,30201 
30207 ,30207 
30215 ,30215 
30223 ,30223 
1396 ,1396 
30249 ,30249 
12705 ,30254 
30285 ,30285 
30310 ,30310 
30338 ,30338 
10768 ,10768 
28098 ,28098 
9579 ,9579 
14274 ,14274 
12875 ,12875 
1434 ,1434 
30433 ,30433 
30447 ,30447 
263 ,263 
30459 ,30459 
30477 ,30477 
2324 ,2324 
1786 ,1786 
30506 ,30506 
12925 ,12925 
28154 ,28154 
30564 ,30564 
13597 ,13597 
472 ,472 
12471 ,12471 
2687 ,2687 
14456 ,14456 
30622 ,30622 
16577 ,16577 
16685 ,16685 
6455 ,6455 
19313 ,19313 
30668 ,30668 
12700 ,12700 
7889 ,7889 
30720 ,30719 
30719 ,30719 
5960 ,5960 
30723 ,30723 
30720 ,30720 
17307 ,17307 
30736 ,30736 
250 ,250 
30745 ,30744 
19816 ,19816 
14021 ,14021 
30766 ,30766 
26026 ,26026 
30794 ,30794 
30797 ,30797 
17783 ,17783 
361 ,361 
362 ,362 
30810 ,30810 
30827 ,30827 
30842 ,30842 
15556 ,15556 
30854 ,30854 
30856 ,30856 
23819 ,23819 
12488 ,12488 
30877 ,30877 
30894 ,30894 
30911 ,30911 
30912 ,30912 
30929 ,30929 
19990 ,19990 
1481 ,1481 
13317 ,13317 
10734 ,10734 
30999 ,30999 
19745 ,19745 
31011 ,31011 
31040 ,31040 
5936 ,5936 
31058 ,31058 
8493 ,8493 
31077 ,31077 
12844 ,12844 
31080 ,31080 
31081 ,31081 
12080 ,12080 
1483 ,1483 
31123 ,31123 
31128 ,31128 
24266 ,31158 
25940 ,25940 
25698 ,25698 
31180 ,31179 
3808 ,3808 
19674 ,19674 
31213 ,31213 
31220 ,31220 
10004 ,10004 
408 ,408 
738 ,738 
31257 ,31257 
7204 ,7204 
9379 ,9379 
18326 ,18326 
10627 ,10627 
31299 ,31299 
31301 ,31301 
15863 ,15863 
8122 ,8122 
31338 ,31337 
31337 ,31337 
31346 ,31346 
11652 ,11652 
31375 ,31375 
31379 ,31378 
31379 ,31379 
31180 ,31180 
15647 ,15647 
4514 ,4514 
31426 ,31426 
10315 ,10315 
31448 ,31448 
31454 ,31454 
31474 ,31474 
14554 ,14554 
19733 ,19733 
31509 ,31509 
31557 ,31557 
31566 ,31566 
31569 ,31569 
31572 ,31572 
31577 ,31577 
31587 ,31587 
26268 ,26268 
31606 ,31606 
31609 ,31609 
31632 ,31632 
12878 ,12878 
8907 ,8907 
31656 ,31656 
5900 ,5900 
19570 ,19570 
4626 ,4626 
31704 ,31704 
31708 ,31708 
29948 ,29948 
12689 ,12689 
31748 ,31748 
25069 ,25069 
396 ,396 
4532 ,4532 
31803 ,31803 
31808 ,31808 
31809 ,31809 
19408 ,19408 
31823 ,31823 
31832 ,31832 
31843 ,31843 
20732 ,20732 
31851 ,31851 
7634 ,7634 
12308 ,12308 
8607 ,8607 
19130 ,19130 
25345 ,25345 
31976 ,31976 
8897 ,8897 
18570 ,18570 
32000 ,32000 
32018 ,32018 
32033 ,32033 
32048 ,32048 
32058 ,32058 
6406 ,6406 
21224 ,21224 
32065 ,32065 
32083 ,32083 
32109 ,32109 
6349 ,6349 
31381 ,31381 
32157 ,32157 
32187 ,32187 
4268 ,4268 
17984 ,17984 
32209 ,32209 
32224 ,32224 
32251 ,32251 
32269 ,32269 
32270 ,32270 
19756 ,19756 
32310 ,32310 
18159 ,18159 
6118 ,6118 
11299 ,11299 
32362 ,32362 
17306 ,17306 
19563 ,19563 
32377 ,32377 
20266 ,20266 
32390 ,32390 
32440 ,32440 
14063 ,14063 
4032 ,4032 
32454 ,32454 
32477 ,32477 
32479 ,32479 
20858 ,20858 
32569 ,32569 
32591 ,32591 
32603 ,32602 
6081 ,6081 
26729 ,26729 
26666 ,26666 
12754 ,12754 
32093 ,32093 
3192 ,3192 
32655 ,32655 
3145 ,3145 
32667 ,32667 
32671 ,32671 
3246 ,3246 
32678 ,32678 
32603 ,32603 
32729 ,32729 
32731 ,32731 
17027 ,32736 
17027 ,17027 
19907 ,19907 
32769 ,32769 
20150 ,20150 
32802 ,32802 
32811 ,32811 
32836 ,32836 
32840 ,32840 
3651 ,3651 
13804 ,13804 
32866 ,32866 
6444 ,6444 
32869 ,32869 
6507 ,6507 
11425 ,11425 
32893 ,32893 
32894 ,32894 
32911 ,32911 
32932 ,32932 
32934 ,32934 
19524 ,19524 
32953 ,32953 
32963 ,32963 
32984 ,32984 
22191 ,22191 
2880 ,2880 
4658 ,4658 
12426 ,12426 
33027 ,33027 
27431 ,27431 
7705 ,7705 
33114 ,33114 
33119 ,33119 
33124 ,33124 
33127 ,33127 
33132 ,33132 
33175 ,33175 
5972 ,5972 
33261 ,33261 
11776 ,11776 
33295 ,22066 
22066 ,22066 
33300 ,33300 
23535 ,23535 
23529 ,23529 
23528 ,23529 
33339 ,33339 
33343 ,33343 
33361 ,33361 
33366 ,33366 
28238 ,28238 
33379 ,33379 
2396 ,2396 
33386 ,33386 
7626 ,7626 
4427 ,4427 
158 ,158 
16280 ,16280 
19290 ,19290 
10454 ,10454 
1852 ,1852 
28463 ,1852 
33476 ,33476 
10781 ,10781 
26945 ,26945 
33515 ,33515 
33543 ,836 
9399 ,836 
33562 ,33562 
33614 ,33614 
24711 ,24711 
33629 ,33629 
33647 ,33647 
6381 ,6381 
33653 ,33653 
33677 ,33677 
20226 ,20226 
943 ,943 
10456 ,10456 
8348 ,8348 
6816 ,6816 
33860 ,33860 
33862 ,33862 
16442 ,16442 
18463 ,18463 
10680 ,10680 
20759 ,20759 
33924 ,33924 
6594 ,6594 
33932 ,33932 
147 ,147 
149 ,149 
7607 ,7607 
11534 ,11534 
29800 ,29800 
33946 ,33946 
33949 ,33949 
26965 ,26965 
33992 ,33991 
16924 ,16924 
181 ,181 
29714 ,29714 
34064 ,34064 
8656 ,8656 
26937 ,26937 
30701 ,30701 
12867 ,12867 
26614 ,26614 
15886 ,15886 
34185 ,34185 
12874 ,12874 
34225 ,34225 
27011 ,27011 
23721 ,23721 
34307 ,34307 
34338 ,34338 
6051 ,6051 
8813 ,8813 
34385 ,34385 
34387 ,34386 
34386 ,34386 
19425 ,19425 
34387 ,34387 
34428 ,34428 
15627 ,27182 
34449 ,34449 
10481 ,10481 
25455 ,25455 
34497 ,34497 
34512 ,34512 
4563 ,4563 
163 ,163 
30560 ,30560 
10769 ,10769 
34563 ,34563 
34571 ,8180 
34571 ,34571 
16708 ,16708 
11855 ,11855 
783 ,783 
34769 ,34769 
34823 ,34823 
34829 ,34829 
34832 ,34832 
34846 ,34846 
34862 ,34862 
9404 ,9404 
2985 ,2985 
5928 ,5928 
34936 ,34935 
34946 ,34945 
34973 ,34973 
34975 ,34975 
34977 ,34977 
34995 ,34995 
35021 ,35021 
35025 ,35025 
35027 ,35025 
35030 ,35030 
35050 ,35050 
35052 ,4196 
35063 ,35063 
35074 ,35074 
12170 ,12170 
35076 ,35076 
35078 ,35078 
35083 ,35083 
35089 ,35089 
24388 ,24388 
25258 ,25258 
1959 ,1959 
8342 ,8342 
35123 ,35123 
35129 ,35129 
16523 ,35140 
35141 ,35141 
35145 ,35145 
35151 ,35151 
35160 ,35160 
4269 ,4269 
35163 ,35163 
20389 ,20389 
35188 ,35188 
35196 ,35196 
7095 ,7095 
35264 ,35264 
35295 ,35295 
10859 ,10859 
35337 ,35337 
35377 ,35377 
21631 ,21631 
29238 ,29238 
25543 ,25543 
35458 ,35458 
35470 ,35470 
35475 ,35475 
5358 ,5358 
35484 ,35484 
35487 ,35487 
35505 ,35505 
11594 ,11594 
35572 ,35572 
14331 ,14331 
35582 ,35582 
35593 ,35592 
35601 ,35601 
35615 ,35615 
35633 ,35633 
35636 ,35636 
35651 ,35651 
35703 ,35703 
35593 ,35593 
35732 ,35732 
35740 ,35740 
35803 ,35803 
4611 ,4611 
35842 ,35842 
35851 ,35851 
35916 ,35916 
35939 ,35938 
35952 ,35952 
21284 ,21284 
35965 ,35965 
35967 ,35967 
34946 ,13645 
36107 ,36107 
5556 ,5556 
36114 ,36114 
36124 ,36124 
36137 ,36137 
36220 ,36220 
36224 ,36224 
36270 ,36270 
5572 ,5572 
36300 ,36300 
25344 ,36321 
36390 ,36390 
36424 ,36424 
36500 ,36500 
36501 ,36501 
36544 ,36544 
36559 ,36559 
36603 ,36603 
36635 ,36635 
36747 ,36747 
36799 ,36799 
29100 ,29100 
36824 ,36824 
36832 ,36832 
36860 ,36860 
8248 ,8248 
36902 ,36902 
36917 ,36917 
36994 ,36994 
37022 ,37022 
37026 ,37026 
37068 ,37068 
37088 ,37087 
37093 ,37093 
37129 ,37129 
18083 ,18083 
37157 ,37157 
1644 ,1644 
37163 ,37163 
37219 ,37219 
37226 ,37226 
37241 ,37241 
37252 ,37252 
37260 ,37260 
34011 ,37304 
37324 ,37324 
37329 ,37329 
37336 ,37336 
37353 ,37353 
5336 ,5336 
37381 ,37381 
24652 ,24652 
23688 ,23688 
29816 ,29816 
37430 ,37430 
11853 ,11853 
5442 ,5442 
29719 ,29719 
21151 ,21151 
37508 ,37508 
37509 ,37509 
9687 ,9687 
13730 ,13730 
20877 ,20877 
27913 ,27913 
21901 ,21901 
11751 ,11751 
37599 ,37599 
37600 ,37600 
37624 ,37624 
20193 ,20193 
29817 ,29817 
37676 ,37676 
37685 ,37685 
34011 ,34011 
29803 ,29803 
37710 ,37710 
37718 ,37718 
8036 ,8036 
10027 ,10027 
27931 ,27931 
24294 ,24294 
37756 ,37756 
37771 ,37771 
28951 ,28951 
18380 ,18380 
37831 ,37831 
18103 ,18103 
37851 ,37851 
37856 ,37856 
15981 ,15981 
37952 ,37952 
37959 ,37959 
7395 ,7395 
37969 ,37969 
17560 ,17560 
11595 ,11595 
38042 ,38042 
6151 ,6151 
38062 ,38062 
26241 ,26241 
38091 ,38091 
26952 ,26952 
19203 ,19203 
13595 ,13595 
38120 ,38120 
25298 ,25298 
38149 ,38149 
5842 ,5842 
38154 ,38154 
38158 ,38158 
9475 ,9475 
19351 ,19351 
13930 ,13930 
7759 ,7759 
27325 ,27325 
1706 ,1706 
38254 ,38254 
3143 ,3143 
11552 ,11552 
20300 ,20300 
38293 ,38293 
1536 ,1536 
38314 ,38314 
38359 ,38359 
38404 ,38404 
38419 ,38419 
38434 ,38434 
14056 ,14056 
38470 ,38470 
2917 ,2917 
38534 ,38534 
38564 ,38564 
2229 ,2229 
38588 ,38588 
38602 ,38602 
38613 ,38613 
38615 ,38615 
38634 ,38634 
38640 ,38640 
6287 ,6287 
28970 ,28970 
38700 ,38700 
38708 ,38708 
38744 ,38744 
38755 ,38755 
38831 ,38831 
38855 ,38855 
38858 ,38858 
38883 ,38883 
38900 ,38900 
38903 ,38903 
33269 ,38912 
9140 ,9140 
16886 ,16886 
38803 ,38803 
39046 ,39046 
39058 ,39058 
39087 ,39087 
39113 ,39113 
39139 ,39139 
39154 ,39154 
39158 ,39158 
39207 ,5063 
10279 ,10279 
39289 ,39289 
39296 ,39296 
2592 ,2592 
24129 ,24129 
39441 ,39441 
39455 ,39455 
39508 ,39508 
10382 ,10382 
33295 ,33295 
39612 ,39612 
39616 ,39616 
39617 ,39617 
39630 ,39630 
39659 ,39659 
23528 ,23528 
13352 ,13352 
23460 ,23460 
39755 ,39755 
39819 ,39818 
39823 ,39823 
39826 ,39826 
25010 ,25010 
39854 ,39854 
33269 ,33269 
39933 ,39933 
39939 ,39939 
39955 ,39955 
39980 ,39980 
18602 ,18602 
40054 ,40054 
40066 ,40066 
3592 ,3592 
40090 ,40089 
40090 ,40090 
40094 ,40094 
11871 ,11871 